愛斗,マナト
愛翔,マナト
葵,アオイ
葵生,アオイ
葵斗,アオト
葵翔,アオト
旭,アサヒ
絢心,ケイシン
絢斗,ケント
綾,アヤ
綾人,アヤト
綾太,アヤタ
庵,イオリ
伊織,イオリ
伊吹,イブキ
維吹,イブキ
郁哉,イクヤ
郁斗,イクト
郁也,イクヤ
郁弥,イクミ
一,ハジメ
一希,カズキ
一稀,カズキ
一貴,カズキ
一輝,カズキ
一慶,カズノリ
一護,カズモリ
一樹,カズキ
一心,イッシン
一真,カズマ
一成,カズナリ
一生,イッセイ
一太,イチタ
一斗,イチト
一馬,カズマ
一平,イッペイ
一晟,イッセイ
一翔,カズト
一颯,カズサ
壱成,イッセイ
右京,ウキョウ
羽琉,ハル
栄太,エイタ
永遠,トア
瑛,アキラ
瑛音,エイト
瑛介,エイスケ
瑛士,エイジ
瑛心,エイシン
瑛人,エイト
瑛仁,アキト
瑛太,エイタ
瑛太郎,エイタロウ
瑛汰,エイタ
瑛大,エイタ
瑛斗,エイト
瑛翔,エイト
英寿,ヒデトシ
英樹,ヒデキ
英太,エイタ
英汰,エイタ
温人,ハルト
温大,ハルト
佳吾,ケイゴ
佳樹,ヨシキ
佳大,ケイタ
佳佑,ケイスケ
佳祐,ケイスケ
夏海,ナツミ
夏輝,ナツキ
夏樹,ナツキ
夏生,ナツオ
雅,マサシ
雅貴,マサタカ
雅哉,マサヤ
雅史,マサシ
雅治,マサハル
雅樹,マサキ
雅人,マサト
雅大,マサヒロ
雅斗,マサト
雅也,マサヤ
雅弥,マサヤ
快,カイ
快成,カイセイ
快斗,カイト
快翔,カイト
魁,カイ
魁人,カイト
魁斗,カイト
海,ウミ
海音,カイト
海輝,ヒロキ
海人,カイト
海成,カイセイ
海星,カイセイ
海晴,ミハル
海聖,カイセイ
海大,カイト
海斗,カイト
海渡,カイト
海都,カイト
海里,ミサト
海翔,カイト
開,カイ
開斗,カイト
凱,カイ
凱斗,カイト
浬,カイリ
学,ガク
岳,ガク
岳人,ガクト
楽,ガク
叶空,トア
叶真,トウマ
叶夢,カナメ
叶翔,カナト
寛,ヒロシ
寛人,ヒロト
寛太,カンタ
寛大,トモヒロ
幹,ツヨシ
幹太,カンタ
幹大,モトヒロ
幹也,ミキヤ
貫太,カンタ
希,ノゾミ
貴哉,タカヤ
貴史,タカシ
貴大,タカヒロ
貴之,タカユキ
貴也,タカヤ
貴裕,タカヒロ
輝,テル
桔平,キッペイ
京介,キョウスケ
恭介,キョウスケ
恭平,キョウヘイ
恭輔,キョウスケ
恭佑,キョウスケ
響,ヒビキ
響介,キョウスケ
響輝,ヒビキ
響己,ヒビキ
響生,ヒビキ
暁,アキラ
暁斗,アキト
駈,カケル
空,カラ
空大,ソラ
空良,ソラ
空翔,アキト
薫,カオル
啓,ケイ
啓介,ケイスケ
啓吾,ケイゴ
啓悟,ケイゴ
啓人,ヒロト
啓太,ケイタ
啓汰,ケイタ
啓斗,ヒロト
啓輔,ケイスケ
啓佑,ケイスケ
圭,ケイ
圭介,ケイスケ
圭吾,ケイゴ
圭悟,ケイゴ
圭人,ケイト
圭太,ケイタ
圭汰,ケイタ
圭佑,ケイスケ
圭祐,ケイスケ
圭亮,ケイスケ
恵,メグミ
恵太,ケイタ
恵大,ケイタ
慶,ケイ
慶一郎,ケイイチロウ
慶悟,ケイゴ
慶士,ケイシ
慶次,ケイジ
慶人,ケイト
慶太,ケイタ
慶大,ケイダイ
慶斗,ケイト
慶祐,ケイスケ
慧,サトシ
慧大,ケイダイ
敬太,ケイタ
渓太,ケイタ
結,ユイ
結心,ユウシン
結人,ユイト
結仁,ユイト
結生,ユウキ
結太,ユウタ
結大,ユウタ
結斗,ユウト
結翔,ユイト
健,ケン
健一,ケンイチ
健介,ケンスケ
健吾,ケンゴ
健悟,ケンゴ
健司,ケンジ
健志,ケンジ
健心,ケンシン
健人,タケヒト
健生,タツキ
健太,ケンタ
健太朗,ケンタロウ
健太郎,ケンタロウ
健汰,ケンタ
健斗,ケント
健登,ケント
健琉,タケル
健翔,ケント
謙,ケン
謙心,ケンシン
謙太,ケンタ
賢,サトシ
賢人,ケント
賢太,ケンタ
賢太郎,ケンタロウ
元,ハジメ
元希,モトキ
元気,ゲンキ
元紀,ゲンキ
元輝,ゲンキ
元太,ゲンタ
源,ハジメ
玄,ゲン
虎太朗,コタロウ
虎太郎,コタロウ
虎之介,トラノスケ
鼓太郎,コタロウ
悟,サトル
倖生,コウセイ
倖太,コウタ
倖大,コウダイ
光,ヒカル
光一,コウイチ
光希,コウキ
光稀,コウキ
光紀,コウキ
光貴,コウキ
光輝,コウキ
光樹,コウキ
光生,コウキ
光太,コウタ
光太郎,コウタロウ
光汰,コウタ
光平,コウヘイ
光佑,コウスケ
光琉,ヒカル
公平,コウヘイ
孝介,コウスケ
孝太,コウタ
孝太朗,コウタロウ
孝太郎,コウタロウ
孝輔,コウスケ
孝祐,コウスケ
宏紀,ヒロキ
宏樹,ヒロキ
宏太,コウタ
巧,タクミ
巧真,タクマ
幸希,コウキ
幸輝,コウキ
幸樹,コウキ
幸生,コウキ
幸太,コウタ
幸太郎,コウタロウ
幸汰,コウタ
幸大,ユキヒロ
幸平,コウヘイ
幸佑,ユキヒロ
広樹,ヒロキ
広大,コウダイ
広夢,ヒロム
広翔,ヒロト
康介,コウスケ
康希,コウキ
康貴,ヤスタカ
康成,ヤスナリ
康生,コウセイ
康太,コウタ
康太朗,コウタロウ
康太郎,コウタロウ
康汰,コウタ
康平,コウヘイ
康輔,コウスケ
康佑,コウスケ
弘貴,コウキ
弘樹,ヒロキ
弘人,ヒロト
恒太,コウタ
昂輝,コウキ
昂大,コウタ
昂平,コウヘイ
晃,アキラ
晃一,コウイチ
晃希,コウキ
晃輝,コウキ
晃成,コウセイ
晃生,コウセイ
晃太,コウタ
晃太朗,コウタロウ
晃太郎,コウタロウ
晃汰,コウタ
晃大,コウタ
晃平,コウヘイ
晃輔,コウスケ
浩,ヒロシ
浩一,コウイチ
浩輝,ヒロキ
浩太,コウタ
浩太郎,コウタロウ
浩二,コウジ
浩之,ヒロユキ
浩平,コウヘイ
浩輔,コウスケ
耕大,コウダイ
耕平,コウヘイ
航,ワタル
航介,コウスケ
航希,コウキ
航輝,コウキ
航生,コウセイ
航太,コウタ
航太朗,コウタロウ
航太郎,コウタロウ
航汰,コウタ
航大,コウタ
航平,コウヘイ
航輔,コウスケ
航也,コウヤ
剛,ツヨシ
剛史,ツヨシ
剛士,タケシ
剛志,ツヨシ
豪,タケシ
克哉,カツヤ
彩人,アヤト
彩斗,アヤト
咲人,サキト
咲翔,サキト
朔,ハジメ
朔空,サクラ
朔太郎,サクタロウ
朔也,サクヤ
桜介,オウスケ
司,ツカサ
史也,フミヤ
史弥,フミヤ
志音,シオン
樹,タツル
樹希,イツキ
樹生,タツキ
周,アマネ
周平,シュウヘイ
宗一郎,ソウイチロウ
宗大,ソウダイ
宗佑,ソウスケ
修,オサム
修斗,シュウト
修平,シュウヘイ
修也,シュウヤ
秀,ヒデ
秀哉,ヒデヤ
秀樹,ヒデキ
秀真,ホツマ
秀人,シュウト
秀太,シュウタ
秀斗,シュウト
秀平,シュウヘイ
秀明,ヒデアキ
充希,ミツキ
俊,シュン
俊介,シュンスケ
俊希,シュンキ
俊貴,トシタカ
俊輝,トシキ
俊哉,トシヤ
俊樹,トシキ
俊太,シュンタ
俊太朗,シュンタロウ
俊太郎,シュンタロウ
俊平,シュンペイ
俊輔,シュンスケ
俊也,トシヤ
俊祐,シュンスケ
俊亮,シュンスケ
峻,シュン
峻平,シュンペイ
峻輔,シュンスケ
峻也,シュンヤ
春,ハル
春希,ハルキ
春輝,ハルキ
春樹,ハルキ
春人,ハルト
春斗,ハルト
春陽,ハルアキ
春翔,ハルト
瞬,シュン
竣,シュン
竣介,シュンスケ
舜,シュン
舜也,シュンヤ
駿,シュン
駿介,シュンスケ
駿太,シュンタ
駿汰,シュンタ
駿斗,ハヤト
駿平,シュンペイ
駿輔,シュンスケ
駿也,シュンヤ
駿佑,シュンスケ
旬,シュン
淳,ジュン
淳平,ジュンペイ
淳也,ジュンヤ
潤,ジュン
潤也,ジュンヤ
純,ジュン
純平,ジュンペイ
純也,ジュンヤ
渚,ナギサ
勝也,カツヤ
匠,タクミ
智也,トモヤ
匠海,タクミ
匠吾,ショウゴ
匠真,タクマ
奨,ススム
将,マサル
将希,マサキ
将貴,マサキ
将輝,マサキ
将吾,ショウゴ
将真,ショウマ
将人,マサト
将太,ショウタ
将太郎,ショウタロウ
将大,マサヒロ
将也,マサヤ
尚,ナオ
尚希,ナオキ
尚紀,ナオキ
尚輝,ナオキ
尚哉,ナオヤ
尚樹,ナオキ
尚人,ナオト
尚大,ナオヒロ
尚也,ナオヤ
尚弥,ナオヤ
彰吾,ショウゴ
彰太,ショウタ
昇,ノボル
晶,アキラ
渉,ワタル
省吾,ショウゴ
祥,ショウ
祥吾,ショウゴ
祥太,ショウタ
祥太郎,ショウタロウ
祥大,ヨシヒロ
祥平,ショウヘイ
丈,マサル
丈太郎,ジョウタロウ
丈瑠,タケル
丞,タスク
心,ココロ
心大,シンタ
心翔,マナト
慎,マコト
慎吾,シンゴ
慎太郎,シンタロウ
慎之介,シンノスケ
慎之助,シンノスケ
慎也,シンヤ
新,アラタ
新太,アラタ
新大,アラタ
真,マコト
真央,マヒロ
真希,マサキ
真輝,マサキ
真吾,シンゴ
真樹,マサキ
真人,マサト
真生,マサキ
真聖,マサト
真太郎,シンタロウ
真大,マサヒロ
真斗,マナト
真之介,シンノスケ
真也,シンヤ
真弥,シンヤ
真矢,シンヤ
真優,マヒロ
真由,マサヨシ
真翔,マナト
芯,シン
仁,ジン
迅,ジン
瑞希,ミズキ
瑞稀,ミズキ
瑞貴,ミズキ
瑞輝,ミズキ
瑞樹,ミズキ
瑞生,ミズキ
崇,タカシ
成,シゲル
晴,テル
晴喜,ハルキ
晴希,ハルキ
晴紀,ハルキ
晴貴,ハルキ
晴輝,ハルキ
晴樹,ハルキ
晴人,ハルト
晴仁,ハルト
晴生,ハルキ
晴太,セイタ
晴大,ハルト
晴斗,ハルト
晴登,セイト
晴也,ハルヤ
晴陽,ハルヒ
晴琉,ハル
晴翔,ハルト
正義,マサヨシ
正樹,マサキ
正太郎,ショウタロウ
聖,アキラ
聖哉,セイヤ
聖真,ショウマ
聖人,ショウト
聖太,ショウタ
聖斗,ショウト
聖也,セイヤ
聖弥,セイヤ
聖矢,セイヤ
誠,マコト
誠人,マコト
誠太,セイタ
誠也,セイヤ
青空,マスミ
千夏,チナツ
千尋,チヒロ
千翔,ユキト
善,タダシ
然,ゼン
禅,ゼン
創,ハジメ
創介,ソウスケ
創士,ソウシ
創太,ソウタ
創大,ソウダイ
壮,ソウ
壮一郎,ソウイチロウ
壮志,ソウシ
壮真,ソウマ
壮太,ソウタ
壮汰,ソウタ
壮佑,ソウスケ
奏,カナタ
奏介,ソウスケ
奏空,ソウタ
奏志,ソウシ
奏真,ソウマ
奏人,カナト
奏多,カナタ
奏太,ソウタ
奏汰,ソウタ
奏大,カナタ
奏斗,カナト
奏佑,ソウスケ
奏良,ソラ
奏和,カナト
奏翔,カナト
爽太,ソウタ
想,ソウ
想真,ソウマ
想太,ソウタ
聡,サトシ
聡一郎,ソウイチロウ
聡介,ソウスケ
聡真,ソウマ
聡太,ソウタ
聡汰,ソウタ
蒼,ソウ
蒼一郎,ソウイチロウ
蒼介,ソウスケ
蒼空,ソウスケ
蒼士,ソウシ
蒼志,ソウシ
蒼真,ソウマ
蒼人,アオト
蒼生,ソウセイ
蒼太,ソウタ
蒼汰,ソウタ
蒼大,ソウタ
蒼天,ソウタ
蒼斗,アオト
蒼馬,ソウマ
蒼也,ソウヤ
蒼翔,ソウト
息吹,イブキ
尊,タケル
太一,タイチ
太雅,タイガ
太希,タイキ
太貴,タイキ
太志,タイキ
太樹,ヒロキ
太智,ダイチ
太陽,タイヨウ
太朗,タロウ
太郎,タロウ
太翔,タイガ
汰一,タイチ
泰雅,タイガ
泰輝,タイキ
泰志,ヤスシ
泰樹,タイキ
泰成,ヤスナリ
泰生,タイセイ
泰誠,タイセイ
泰知,タイチ
泰地,タイジ
泰斗,タイト
大,ヒロシ
大河,タイガ
大我,タイガ
大芽,タイガ
大雅,タイガ
大駕,タイガ
大介,ダイスケ
大海,タイガ
大喜,タイキ
大希,ヒロキ
大稀,ダイキ
大貴,ヒロキ
大起,タイキ
大輝,タイキ
大空,ヒロタカ
大吾,ダイゴ
大悟,ダイゴ
大志,タイシ
大樹,ダイキ
大将,タカマサ
大心,タイシ
大成,タイセイ
大晴,タイセイ
大生,タイセイ
大聖,タイセイ
大誠,タイセイ
大知,ダイチ
大地,ダイチ
大智,タイチ
大馳,タイチ
大斗,ヒロト
大登,ヒロト
大輔,ダイスケ
大夢,ヒロム
大也,ヒロヤ
大祐,ダイスケ
大洋,マサヒロ
大耀,タイヨウ
大和,ヤマト
大惺,タイセイ
大晟,タイセイ
大暉,ヒロキ
大翔,ヒロト
卓,スグル
卓也,タクヤ
拓,タク
拓海,タクミ
拓己,タクミ
拓哉,タクヤ
拓実,タクミ
拓真,タクマ
拓人,タクト
拓生,タクオ
拓斗,タクト
拓馬,タクマ
拓磨,タクマ
拓未,タクミ
拓巳,タクミ
拓夢,タクム
拓也,タクヤ
拓弥,タクヤ
拓矢,タクヤ
拓朗,タクロウ
拓郎,タクロウ
拓翔,タクト
琢真,タクマ
琢磨,タクマ
達哉,タツヤ
達也,タツヤ
達矢,タツヤ
辰哉,タツヤ
辰弥,タツヤ
暖,ハルト
暖真,ハルマ
暖人,ハルト
暖大,ハルト
知希,カズキ
知輝,カズキ
知樹,トモキ
知也,トモヤ
智,サトシ
智希,トモキ
智紀,トモノリ
智貴,トモキ
智輝,トモキ
智久,トモヒサ
智弘,トモヒロ
智哉,トモヤ
智史,トモフミ
智樹,トモキ
智仁,トモヒト
智大,トモヒロ
智之,トモユキ
智博,トモヒロ
智也,トモヤ
智裕,トモヒロ
宙,ヒロ
朝陽,アサヒ
直,スナオ
直央,ナオ
直希,ナオキ
直紀,ナオキ
直輝,ナオキ
直哉,ナオヤ
直樹,ナオキ
直人,ナオト
直生,ナオキ
直太朗,ナオタロウ
直太郎,ナオタロウ
直大,ナオヒロ
直斗,ナオト
直也,ナオヤ
直弥,ナオヤ
直矢,ナオヤ
紬,ツムギ
哲,テツ
哲太,テッタ
哲平,テッペイ
哲也,テツヤ
徹,トオル
徹平,テッペイ
鉄平,テッペイ
天斗,タカト
天翔,タケル
斗真,トウマ
冬真,トウマ
冬馬,トウマ
透,トオル
篤,アツシ
篤史,アツシ
篤志,アツシ
篤人,アツト
惇,ジュン
敦,アツシ
敦史,アツシ
敦也,アツヤ
凪,ナギ
日向,ヒュウガ
日陽,ヒナタ
博,ヒロシ
博之,ヒロユキ
隼,シュン
隼士,ハヤト
隼人,ハヤト
隼汰,シュンタ
隼大,ハヤト
隼斗,ハヤト
隼平,シュンペイ
隼輔,シュンスケ
隼也,シュンヤ
隼翔,ハヤト
飛鳥,アスカ
飛翔,カケル
柊,シュウ
柊吾,シュウゴ
柊哉,シュウヤ
柊真,シュウマ
柊人,シュウト
柊太,シュウタ
柊斗,シュウト
柊二,シュウジ
柊平,シュウヘイ
柊也,シュウヤ
彪,タケシ
彪雅,ヒュウガ
武,タケシ
武蔵,ムサシ
武尊,タケル
武琉,タケル
楓雅,フウガ
楓真,フウマ
楓太,ソウタ
楓馬,フウマ
風雅,フウガ
風太,フウタ
文哉,フミヤ
碧,ミドリ
碧海,アオイ
碧人,アオト
碧生,アオイ
碧斗,アオト
勉,ツトム
歩,アユム
歩武,アユム
歩睦,アユム
歩夢,アユム
穂高,ホタカ
朋希,トモキ
朋輝,トモキ
朋哉,トモヤ
朋樹,トモキ
朋也,トモヤ
豊,ユタカ
望,ノゾミ
北斗,ホクト
睦,ムツミ
未来,ミライ
未來,ミライ
岬,ミサキ
湊,ミナト
湊音,ミナト
湊介,ソウスケ
湊太,ソウタ
湊大,ソウタ
湊斗,ミナト
湊翔,ミナト
夢叶,ユウト
夢翔,ユウト
椋,リョウ
椋太,リョウタ
明,アキラ
唯人,ユイト
唯斗,ユイト
唯翔,ユイト
佑,ユウ
佑介,ユウスケ
佑紀,ユウキ
佑哉,ユウヤ
佑樹,ユウキ
佑真,ユウマ
佑太,ユウタ
佑斗,ユウト
佑馬,ユウマ
佑輔,ユウスケ
佑磨,ユウマ
佑弥,ユウヤ
佑亮,ユウスケ
優,ユウ
優一,ユウイチ
優羽,ユウ
優雅,ユウガ
優介,ユウスケ
優希,ユウキ
優貴,ユウキ
優輝,マサキ
優空,カナタ
優月,ユヅキ
優吾,ユウゴ
優哉,ユウヤ
優作,ユウサク
優志,ユウシ
優樹,マサキ
優心,ユウシン
優真,ユウマ
優人,ユウト
優仁,ユウト
優成,ユウセイ
優生,ユウセイ
優太,ユウタ
優太郎,ユウタロウ
優汰,ユウタ
優大,ユウダイ
優斗,ユウト
優馬,ユウマ
優輔,ユウスケ
優磨,ユウマ
優也,ユウヤ
優弥,ユウヤ
優佑,ユウスケ
優和,正和
優翔,ユウト
勇,イサム
勇介,ユウスケ
勇希,ユウキ
勇気,ユウキ
勇貴,ユウキ
勇輝,ユウキ
勇樹,ユウキ
勇真,ユウマ
勇人,ハヤト
勇太,ユウタ
勇大,ユウダイ
勇斗,ハヤト
勇輔,ユウスケ
勇翔,ユウト
友希,トモキ
友紀,トモキ
友貴,トノキ
友輝,トモキ
友哉,トモヤ
友樹,トモキ
友輔,ユウスケ
友也,トモヤ
友翔,ユウト
悠,ユウ
悠一郎,ユウイチロウ
悠羽,ユウ
悠河,ユウガ
悠雅,ユウガ
悠介,ユウスケ
悠叶,ユウト
悠喜,ユウキ
悠希,ユウキ
悠稀,ユウキ
悠貴,ユウキ
悠輝,ユウキ
悠月,ユヅキ
悠吾,ユウゴ
悠悟,ユウゴ
悠哉,ユウヤ
悠史,ユウシ
悠樹,ユウキ
悠心,ユウシン
悠真,ユウマ
悠人,ハルト
悠仁,ヒサヒト
悠世,ユウセイ
悠成,ユウセイ
悠晴,ユウセイ
悠生,ユウセイ
悠聖,ユウセイ
悠誠,ユウセイ
悠太,ユウタ
悠太郎,ユウタロウ
悠汰,ユウタ
悠大,ユウタ
悠斗,ハルト
悠杜,ユウト
悠登,ユウト
悠馬,ユウウマ
悠平,ユウヘイ
悠輔,ユウスケ
悠也,ユウヤ
悠矢,ユウヤ
悠佑,ユウスケ
悠陽,ハルヒ
悠惺,ユウセイ
悠暉,ユウキ
悠眞,ユウマ
悠翔,ハルト
有,タモツ
有希,ユウキ
有輝,ユウキ
柚希,ユズキ
湧太,ユウタ
湧斗,ユウト
由樹,ナオキ
由翔,ナオト
祐,タスク
祐介,ユウスケ
祐希,ユウキ
祐紀,ユウキ
祐貴,ユウキ
祐輝,ユウキ
祐哉,ユウヤ
祐樹,ユウキ
祐真,ユウマ
祐人,ユウト
祐生,ユウキ
祐太,ユウタ
祐大,ユウタ
祐斗,ユウト
祐輔,ユウスケ
祐也,ユウヤ
祐弥,ユウヤ
祐翔,ユウト
裕,ヒロシ
裕介,ユウスケ
裕基,ヒロキ
裕希,ユウキ
裕紀,ヒロキ
裕貴,ユウキ
裕輝,ユウキ
裕哉,ヒロヤ
裕樹,ヒロキ
裕真,ユウマ
裕人,ヒロト
裕生,ヒロキ
裕太,ユウタ
裕太郎,ユウタロウ
裕大,ユウダイ
裕斗,ユウト
裕也,ユウヤ
裕翔,ユウト
雄介,ユウスケ
雄基,ユウキ
雄紀,ユウキ
雄貴,ユウキ
雄輝,ユウキ
雄哉,ユウヤ
雄人,ユウト
雄太,ユウタ
雄太郎,ユウタロウ
雄大,ユウダイ
雄斗,ユウト
雄登,ユウト
雄飛,ユウト
雄也,ユウヤ
雄翔,ユウト
誉,タカシ
洋介,ヨウスケ
洋平,ヨウヘイ
洋輔,ヨウスケ
耀,ヨウ
耀太,ヨウタ
要,カナメ
遥希,ハルキ
遥貴,ハルキ
遥輝,ハルキ
遥人,ハルト
遥仁,ハルヒト
遥太,ハルタ
遥大,ハルト
遥斗,ハルト
遥翔,ハルト
陽,ヒカル
陽葵,ヒナタ
陽音,ハルト
陽介,ヨウスケ
陽希,ハルキ
陽紀,ハルキ
陽貴,ハルキ
陽輝,ハルキ
陽向,ヒナタ
陽哉,ハルヤ
陽樹,ハルキ
陽真,ハルマ
陽人,ハルト
陽仁,ハルト
陽生,ハルキ
陽太,ハルタ
陽大,ハルト
陽斗,ハルト
陽登,ハルト
陽平,ヨウヘイ
陽翔,ハルト
翼,ツバサ
来夢,ライム
頼人,ヨリト
藍,アイ
吏玖,リク
理久,リク
理玖,リク
理人,マサト
理仁,マサヒト
璃久,リク
璃空,リク
陸,リク
陸玖,リク
陸人,リクト
陸仁,リクト
陸斗,リクト
陸翔,リクト
律,リツ
律希,リツキ
立樹,タツキ
流星,リュウセイ
琉,リュウ
琉偉,ルイ
琉維,ルイ
琉衣,ルイ
琉雅,リュウガ
琉希,リュウキ
琉輝,リュウキ
琉空,リュウク
琉真,リュウマ
琉人,リュウト
琉成,リュウセイ
琉星,リュウセイ
琉晴,リュウセイ
琉生,ルイ
琉聖,リュウセイ
琉太,リュウタ
琉斗,リュウト
琉之介,リュウノスケ
琉唯,ルイ
琉惺,リュウセイ
琉翔,リュウト
隆,タカシ
隆一,リュウイチ
隆介,リュウスケ
隆人,タカト
隆成,リュウセイ
隆太,リュウタ
隆太郎,リュウタロウ
隆斗,リュウト
隆之介,リュウノスケ
隆也,タカヤ
竜,リュウ
竜一,リュウイチ
竜雅,リュウガ
竜希,リュウキ
竜輝,リュウキ
竜哉,リュウヤ
竜司,リュウジ
竜士,リュウジ
竜樹,リュウキ
竜成,リュウセイ
竜生,タツオ
竜聖,リュウセイ
竜太,リュウタ
竜太郎,リュウタロウ
竜大,リュウタ
竜斗,リュウト
竜二,リュウジ
竜之介,リュウノスケ
竜馬,リョウマ
竜平,リュウヘイ
竜輔,リュウスケ
竜也,タツヤ
竜弥,タツヤ
竜矢,タツヤ
龍,リュウ
龍一,リュウイチ
龍雅,リュウガ
龍介,リュウスケ
龍希,リュウキ
龍輝,リュウキ
龍哉,リュウヤ
龍司,リュウジ
龍志,リュウシ
龍治,リュウジ
龍樹,リュウキ
龍真,リュウマ
龍人,リュウト
龍世,リュウセイ
龍成,リュウセイ
龍星,リュウセイ
龍生,リュウセイ
龍聖,リュウセイ
龍太,リュウタ
龍太朗,リュウタロウ
龍太郎,リュウタロウ
龍汰,リュウタ
龍大,リュウダイ
龍斗,リュウト
龍二,リュウジ
龍之介,リュウノスケ
龍馬,リョウマ
龍平,リュウヘイ
龍也,タツヤ
龍弥,タツヤ
龍矢,リュウヤ
龍翔,リュウショウ
亮,リョウ
亮介,リョウスケ
亮太,リョウタ
亮太朗,リョウタロウ
亮汰,リョウタ
亮平,リョウヘイ
亮輔,リョウスケ
亮佑,リョウスケ
僚,リョウ
僚太,リョウタ
凌,リョウ
凌央,リオ
凌雅,リョウガ
凌駕,リョウガ
凌久,リク
凌空,リク
凌生,リョウセイ
凌太,リョウタ
凌太朗,リョウタロウ
凌太郎,リョウタロウ
凌大,リョウタ
凌平,リョウヘイ
凌輔,リョウスケ
凌也,リョウヤ
涼,リョウ
涼雅,リョウガ
涼介,リョウスケ
涼真,リョウマ
涼太,リョウタ
涼太郎,リョウタロウ
涼平,リョウヘイ
瞭,アキラ
稜,リョウ
稜介,リョウスケ
稜真,リョウマ
稜太,リョウタ
稜大,リョウタ
稜平,リョウヘイ
稜也,リョウヤ
良,リョウ
良介,リョウスケ
良太,リョウタ
良輔,リョウスケ
諒,リョウ
諒真,リョウマ
諒太,リョウタ
諒大,リョウタ
諒也,リョウヤ
遼,リョウ
遼河,リョウガ
遼真,リョウマ
遼人,ハルト
遼太,リョウタ
遼太朗,リョウタロウ
遼太郎,リョウタロウ
遼大,リョウタ
遼馬,リョウマ
遼平,リョウヘイ
力,チカラ
力斗,リキト
力也,リキヤ
倫,リン
倫太朗,リンタロウ
倫太郎,リンタロウ
琳太郎,リンタロウ
麟太郎,リンタロウ
瑠,リュウ
瑠偉,ルイ
瑠星,リュウセイ
瑠生,リュウセイ
塁,ルイ
類,ルイ
伶,レイ
伶音,レノン
嶺,リョウ
怜,サトシ
怜央,レオ
怜音,レオ
怜生,レオ
怜大,レオ
玲,アキラ
玲央,レオ
玲音,レオ
礼,レイ
零,レイ
廉,レン
漣,レン
蓮,レン
蓮音,レオン
蓮人,レント
蓮生,レオ
蓮太,レンタ
蓮太朗,レンタロウ
蓮太郎,レンタロウ
蓮斗,レント
蓮翔,レント
錬,レン
倭,ヤマト
和,ヤマト
和希,カズキ
和紀,カズノリ
和貴,カズタカ
和輝,カズキ
和哉,カズヤ
和志,カズシ
和樹,カズキ
和真,カズマ
和人,カズト
和生,カズオ
和馬,カズマ
和彦,カズヒコ
和磨,カズマ
和也,カズヤ
和弥,カズヤ
亘,ワタル
侑,ススム
侑希,ユウキ
侑輝,ユウキ
侑哉,ユウヤ
侑樹,ユウキ
侑真,ユウマ
侑生,ユウキ
侑汰,ユウタ
侑大,ユウダイ
侑也,ユウヤ
俐玖,リク
凛,リン
凛空,リク
凛人,リヒト
凛太朗,リンタロウ
凛太郎,リンタロウ
崚,リョウ
崚太,リョウタ
惺,サトル
惺也,セイヤ
昊,ヒロシ
昊輝,コウキ
昊大,コウダイ
昴,スバル
晄,ヒカル
晄大,コウタ
暉,テル
櫂,カイ
洸,ヒロシ
洸希,コウキ
洸太,コウタ
滉太,コウタ
滉大,コウダイ
滉平,コウヘイ
澪,ミオ
煌,ヒカル
煌介,オウスケ
煌己,コウキ
煌人,アキト
煌生,コウキ
煌太,コウタ
煌大,コウダイ
煌斗,アキト
琥太朗,コタロウ
琥太郎,コタロウ
琥珀,コハク
皓太,コウタ
皓大,コウタ
皓平,コウヘイ
絆,キズナ
羚,リョウ
翔,ショウ
翔一,ショウイチ
翔希,ショウキ
翔貴,ショウキ
翔輝,ショウキ
翔空,カケル
翔吾,ショウゴ
翔悟,ショウゴ
翔梧,ショウゴ
翔哉,ショウヤ
翔真,ショウマ
翔生,ショウキ
翔太,ショウタ
翔太郎,ショウタロウ
翔汰,ショウタ
翔大,ショウタ
翔斗,ショウト
翔馬,ショウマ
翔平,ショウヘイ
翔也,ショウヤ
翔矢,ショウヤ
翔琉,カケル
脩真,シュウマ
脩斗,シュウト
脩平,シュウヘイ
莉久,リク
莉玖,リク
莉空,リク
逞,タクマ
颯,ハヤテ
颯一郎,ソウイチロウ
颯音,ハヤト
颯介,ソウスケ
颯士,ソウシ
颯志,ソウシ
颯真,ソウマ
颯人,ハヤト
颯太,ソウタ
颯太郎,ソウタロウ
颯汰,ソウタ
颯大,ソウタ
颯斗,ハヤト
颯馬,ソウマ
颯也,ソウヤ
颯佑,ソウスケ
颯良,ソラ
黎,レイ
遙,ハルカ
遙人,ハルト
遙斗,ハルト
凜,リン
凜空,リク
凜太朗,リンタロウ
凜太郎,リンタロウ
