あい,アイ
あいり,アイリ
あおい,アオイ
あかね,アカネ
あかり,アカリ
あさひ,アサヒ
あすか,アスカ
あずさ,アズサ
あみ,アミ
あや,アヤ
あやめ,アヤメ
あゆ,アユ
あゆみ,アユミ
ありさ,アリサ
いずみ,イズミ
いちか,イチカ
いづみ,イヅミ
いろは,イロハ
うた,ウタ
うらら,ウララ
かおり,カオリ
かのん,カノン
かりん,カリン
かれん,カレン
かんな,カンナ
きらら,キララ
くらら,クララ
くるみ,クルミ
ここみ,ココミ
こころ,ココロ
ことみ,コトミ
このは,コノハ
このみ,コノミ
こはる,コハル
さくら,サクラ
さつき,サツキ
さやか,サヤカ
さら,サラ
しおり,シオリ
しずく,シズク
すず,スズ
すみれ,スミレ
そら,ソラ
ちひろ,チヒロ
つぐみ,ツグミ
なずな,ナズナ
なつき,ナツキ
なつみ,ナツミ
なな,ナナ
ななみ,ナナミ
のあ,ノア
のぞみ,ノゾミ
のどか,ノドカ
ののか,ノノカ
はづき,ハヅキ
はな,ハナ
はる,ハル
はるか,ハルカ
はるな,ハルナ
ひかり,ヒカリ
ひかる,ヒカル
ひとみ,ヒトミ
ひな,ヒナ
ひなた,ヒナタ
ひなの,ヒナノ
ひまり,ヒマリ
ひより,ヒヨリ
ほのか,ホノカ
まい,マイ
まどか,マドカ
まなみ,マナミ
まひろ,マヒロ
まゆ,マユ
まりあ,マリア
みく,ミク
みさき,ミサキ
みずき,ミズキ
みずほ,ミズホ
みちる,ミチル
みづき,ミヅキ
みなみ,ミナミ
みのり,ミノリ
みゆ,ミユ
みゆき,ミユキ
めい,メイ
めぐみ,メグミ
もえ,モエ
もも,モモ
ももか,モモカ
ももこ,モモコ
ゆい,ユイ
ゆう,ユウ
ゆうか,ユウカ
ゆかり,ユカリ
ゆき,ユキ
ゆきの,ユキノ
ゆず,ユズ
ゆな,ユナ
ゆめ,ユメ
ゆら,ユラ
ゆり,ユリ
ゆりあ,ユリア
らら,ララ
りお,リオ
りか,リカ
りこ,リコ
りさ,リサ
りな,リナ
りの,リノ
りん,リン
るな,ルナ
れい,レイ
亜依,アイ
亜衣,アイ
亜海,アミ
亜実,アミ
亜美,アミ
亜未,アミ
亜弥,アヤ
亜優,アユ
亜由美,アユミ
亜里紗,アリサ
愛,アイ
愛依,メイ
愛衣,メイ
愛音,アイネ
愛佳,アイカ
愛加,アイカ
愛夏,アイカ
愛果,マナカ
愛花,アイカ
愛華,アイカ
愛海,アミ
愛弓,アユミ
愛結,アユ
愛香,アイカ
愛彩,アヤ
愛菜,マナ
愛桜,マオ
愛子,アイコ
愛実,ツグミ
愛紗,アイサ
愛珠,アミ
愛純,アズミ
愛心,アイミ
愛生,アキ
愛奈,アイナ
愛乃,ヨシノ
愛美,マナミ
愛望,マナミ
愛未,マナミ
愛唯,メイ
愛梨,エリ
愛理,アイリ
愛里,アイリ
愛琉,アイル
愛瑠,アイル
愛來,アイラ
愛茉,エマ
愛莉,エリ
葵,アオイ
葵衣,アオイ
葵生,アオイ
茜,アカネ
茜音,アカネ
梓,アズサ
絢,アヤ
絢音,アヤネ
絢香,アヤカ
絢菜,アヤナ
絢子,アヤコ
綾,アヤ
綾音,アヤネ
綾夏,アヤナ
綾花,アヤカ
綾華,アヤカ
綾香,アヤカ
綾菜,アヤナ
綾子,アヤコ
綾乃,アヤノ
杏,アン
杏佳,キョウカ
杏花,キョウカ
杏香,キョウカ
杏菜,アンナ
杏子,アンズ
杏実,アミ
杏珠,アンジュ
杏樹,アンジュ
杏奈,アンナ
杏南,アンナ
杏美,アズミ
杏優,アユ
杏梨,アンリ
杏莉,アンリ
伊織,イオリ
伊吹,イブキ
依茉,エマ
衣織,イオリ
郁美,イクミ
一花,イチカ
一華,イチカ
一葉,イヨ
羽音,ハノン
羽菜,ハナ
羽奏,ワカナ
永遠,トア
円香,マドカ
乙葉,オトハ
音羽,オトハ
音々,ネネ
音葉,オトハ
佳音,カノン
佳菜,カナ
佳子,ヨシコ
佳純,カスミ
佳奈,カナ
佳那,カナ
佳乃,ヨシノ
佳苗,カナエ
佳歩,カホ
佳穂,カホ
加奈,カナ
加奈子,カナコ
夏葵,ナツキ
夏音,カノン
夏芽,ナツメ
夏海,ナツミ
夏希,ナツキ
夏菜,ナナ
夏子,ナツコ
夏実,ナツミ
夏生,ナツキ
夏奈,カナ
夏帆,カホ
夏妃,ナツキ
夏美,ナツミ
夏歩,カホ
夏穂,カホ
夏未,ナツミ
夏鈴,カリン
夏凛,カリン
果音,カノン
果奈,カナ
果歩,カホ
果穂,カホ
果林,カリン
果鈴,カリン
花,ハナ
花音,カノン
花香,カナ
花菜,カナ
花奈,カナ
花乃,ハナノ
花帆,カホ
花楓,カエデ
花歩,カホ
花梨,カリン
花怜,カリン
花鈴,カリン
花恋,カレン
花蓮,カレン
花凛,カリン
華,ハナ
華音,カノン
華菜,カナ
華子,ハナコ
華奈,カナ
華乃,カノ
華帆,カホ
華穂,カホ
華恋,カレン
華蓮,カレン
華凛,カリン
芽愛,メイ
芽依,メイ
芽衣,メイ
芽郁,メイ
芽生,メイ
芽唯,メイ
雅,ミヤ
海,ウミ
海羽,ミウ
海音,カノン
海月,ミヅキ
海里,ミサト
絵美,エミ
叶愛,トア
椛,イロハ
柑奈,カンナ
環,タマキ
希,ノゾミ
希愛,ノア
希空,ノア
希咲,キサキ
希実,ノゾミ
希美,ノゾミ
希歩,キホ
希望,ノゾミ
紀香,ノリカ
久美子,クミコ
京佳,キョウカ
京花,キョウカ
京香,キョウカ
京子,キョウコ
恭子,キョウコ
響,ヒビキ
響子,キョウコ
琴羽,コトハ
琴音,コトネ
琴菜,コトナ
琴子,コトコ
琴心,コトコ
琴乃,コトノ
琴美,コトミ
琴葉,コトハ
芹奈,セリナ
空,ソラ
薫,カオル
恵,メグミ
恵子,ケイコ
恵美,エミ
恵理,エリ
結,ユイ
結愛,ユア
結依,ユイ
結衣,ユイ
結羽,ユウ
結音,ユイネ
結花,ユカ
結芽,ユメ
結月,ユヅキ
結香,ユカ
結彩,ユウナ
結菜,ユウナ
結子,ユウコ
結心,ツイコ
結生,ユウキ
結奈,ユイナ
結那,ユイナ
結南,ユイナ
結乃,ユノ
結美,ユウミ
結夢,マユユ
結唯,ユイ
結梨,ユイナ
結莉,ユウリ
月,ルナ
月菜,ルナ
月渚,ルナ
胡桃,クルミ
瑚子,ココ
倖菜,コウナ
光,ヒカリ
光希,コウキ
光咲,ミサキ
光里,ミサト
光莉,ヒカリ
向日葵,ヒナタ
幸,サチ
幸音,ユキネ
幸子,サチコ
幸奈,ユキナ
幸乃,ユキノ
幸来,サラ
更紗,サラサ
浩子,ヒロコ
紅葉,クレハ
香音,カノン
香月,カツキ
香菜,カナ
香菜子,カナコ
香織,カオリ
香澄,カスミ
香奈,カナ
香乃,カノ
香帆,カホ
香穂,カホ
香里奈,カリナ
香凛,カリン
香凜,カリン
佐和,サワ
沙希,サキ
沙季,サキ
沙紀,サキ
沙彩,サアヤ
沙樹,サキ
沙織,サオリ
沙奈,サナ
沙也加,サヤカ
沙耶,サヤ
沙耶香,サヤカ
沙弥,サヤ
沙羅,サラ
沙良,サラ
沙和,サワ
彩,アヤ
彩愛,アヤメ
彩羽,イロハ
彩瑛,サエ
彩音,アヤネ
彩佳,アヤカ
彩加,アヤカ
彩夏,アヤカ
彩花,サヤカ
彩華,サヤカ
彩芽,アヤメ
彩希,サキ
彩恵,サエ
彩月,アヤカ
彩香,アヤカ
彩菜,アヤナ
彩心,アヤコ
彩水,アヤミ
彩奈,アヤナ
彩那,アヤナ
彩寧,アヤネ
彩乃,アヤノ
彩美,アミ
彩姫,サキ
彩楓,サヤカ
彩未,アミ
彩夢,アヤメ
彩名,アヤナ
彩友,アミ
彩葉,アヤハ
彩里,アイリ
彩良,サラ
菜央,ナオ
菜花,ナノカ
菜月,ナツキ
菜々,ナ々
菜々花,ナナカ
菜々恵,ナナエ
菜々香,ナナカ
菜々子,ナ々コ
菜々実,ナ々ミ
菜々美,ナナミ
菜桜,ナオ
菜緒,ナオ
菜生,ナオ
菜摘,ナツミ
菜奈,ナナ
菜那,ナナ
菜乃,ナノ
菜美,ナミ
菜穂,ナホ
咲,サキ
咲愛,サクラ
咲葵,サキ
咲羽,サワ
咲花,モモカ
咲希,サキ
咲季,サキ
咲紀,サキ
咲空,サア
咲月,サツキ
咲彩,サアヤ
咲菜,サナ
咲樹,サキ
咲奈,サナ
咲那,サナ
咲乃,サキノ
咲帆,サキホ
咲妃,サキ
咲歩,サキホ
咲穂,サキホ
咲耶,サヤ
咲弥,サヤ
咲来,サクラ
咲良,サクラ
咲和,サワ
咲茉,エマ
桜,サクラ
桜花,サクラ
桜空,ミク
桜子,サクラコ
桜都,オト
史佳,フミカ
史織,シオリ
志織,シオリ
志乃,シノ
志帆,シホ
志保,シホ
志歩,シホ
志穂,シホ
紫音,シオン
紫乃,シノ
詩,シホリ
詩音,シオン
詩織,シオリ
詩乃,シノ
詩歩,シホ
汐音,シオネ
汐里,シオリ
汐莉,シオリ
雫,シズク
七海,ナナミ
七彩,ナナ
七菜,ナナ
七瀬,ナナセ
七星,ナナセ
七虹,ナナコ
実央,ミオ
実花,ミカ
実希,ミキ
実玖,ミク
実結,ミユ
実紅,ミク
実咲,ミサキ
実桜,ミオ
実奈,ミナ
実穂,ミホ
実夢,ミユ
実優,ミユ
実来,ミク
実里,ミノリ
実莉,ミノリ
紗愛,サラ
紗綾,サヤ
紗衣,サエ
紗羽,サワ
紗英,サエ
紗希,サキ
紗季,サキ
紗彩,サアヤ
紗菜,サナ
紗世,サヨ
紗雪,サユキ
紗奈,サナ
紗那,サナ
紗帆,サホ
紗妃,サキ
紗也,サヤ
紗耶,サヤ
紗弥,サヤ
紗矢,サヤ
紗矢香,サヤカ
紗羅,サラ
紗来,サキ
紗良,サラ
紗和,サワ
紗來,サラ
若菜,ワカナ
若奈,ワカナ
若葉,ワカバ
朱音,アカネ
朱梨,アカリ
朱理,アカリ
朱里,アカリ
朱莉,アカリ
珠希,タマキ
珠里,ジュリ
珠莉,ジュリ
樹,ミキ
樹里,ジュリ
春佳,ハルカ
春花,ハルカ
春華,ハルカ
春香,ハルカ
春菜,ハルナ
春奈,ハルナ
春乃,ハルノ
春陽,ハルナ
純菜,ジュンナ
純子,ジュンコ
純奈,ジュンナ
初音,ハツネ
渚,ナギサ
小夏,コナツ
小春,コハル
小晴,コハル
小雪,コユキ
小百合,サユリ
小遥,コハル
尚子,ナオコ
晶,アキラ
祥子,ショウコ
心,ココロ
心愛,ココナ
心羽,ココハ
心音,ココネ
心夏,ココナ
心花,ココナ
心海,ココミ
心琴,ココネ
心結,ミユ
心彩,ココナ
心菜,ココナ
心咲,ミサキ
心桜,ミオ
心実,ココミ
心春,コハル
心晴,コハル
心奏,ココナ
心暖,コハル
心奈,ココナ
心那,ココナ
心寧,ココネ
心乃,ココノ
心美,ココミ
心望,ココミ
心優,ミユ
心葉,ココハ
心遥,コハル
心陽,コハル
心和,ココナ
心絆,ココナ
新菜,ワカナ
真愛,マミ
真綾,マアヤ
真依,マイ
真衣,マイ
真央,マオ
真希,マキ
真紀,マキ
真琴,マコト
真彩,マアヤ
真菜,マナ
真咲,マサキ
真桜,マオ
真子,マコ
真実,マミ
真緒,マオ
真心,マコ
真尋,マヒロ
真生,マサキ
真奈,マナ
真奈美,マナミ
真那,マナ
真白,マシロ
真帆,マホ
真美,マミ
真歩,マホ
真穂,マホ
真未,マミ
真弥,ミヤ
真唯,マイ
真優,マヒロ
真悠,マユ
真由,マユ
真由子,マユコ
真由美,マユミ
真夕,マユ
真理,マリ
真里奈,マリナ
真鈴,マリン
真凛,マリン
仁香,ノリカ
仁菜,ニナ
仁美,ヒトミ
翠,ミドリ
瑞葵,ミズキ
瑞希,ミズキ
瑞季,ミズキ
瑞稀,ミズキ
瑞紀,ミズキ
瑞貴,ミズキ
瑞生,ミズキ
瑞姫,ミズキ
瑞歩,ミズホ
瑞穂,ミズホ
雛,ヒナ
雛子,ヒナコ
世奈,セナ
成美,ナルミ
星,アカリ
星奈,ホシナ
晴,ハレ
晴香,ハルカ
晴菜,アルナ
清香,キヨカ
聖,セイ
聖菜,セイナ
聖奈,セイナ
青空,ハル
静香,シズカ
雪菜,ユキナ
雪乃,ユキノ
千愛,チエ
千佳,チカ
千夏,チナツ
千花,チカ
千華,チカ
千紘,チヒロ
千咲,チサキ
千紗,チサ
千春,チハル
千晶,チアキ
千尋,チヒロ
千晴,チハル
千聖,チサト
千智,チサト
千鶴,チヅル
千奈,センナ
千乃,ユキノ
千穂,チホ
千優,チヒロ
千裕,チヒロ
千遥,チハル
千陽,チハル
千里,チサト
泉,イズミ
双葉,フタバ
奏,カナデ
奏音,カノン
奏心,カナタ
爽,サヤ
想,ココロ
早希,サキ
早紀,サキ
早織,サオリ
聡美,サトミ
蒼,アオイ
蒼依,アオイ
蒼衣,アオイ
蒼空,ソラ
暖,ヒナタ
暖乃,ノノ
知佳,チカ
知花,トモカ
知香,チカ
知世,チヨ
知優,チヒロ
知里,チサト
智香,トモカ
智咲,チサキ
智子,トモコ
智美,トモミ
朝香,アサカ
直子,ナオコ
直美,ナオミ
椿,ツバキ
紬,ツムギ
紬希,ツムギ
紬生,ツムギ
天音,アマネ
桃,モモ
桃愛,モモエ
桃羽,モモハ
桃佳,モモカ
桃加,モモカ
桃果,モモカ
桃歌,モモカ
桃花,モモカ
桃華,モモカ
桃香,モモカ
桃菜,モモナ
桃子,モモコ
桃奈,モモナ
瞳,ヒトミ
奈央,ナオ
奈月,ナツキ
奈菜,ナナ
奈桜,ナオ
奈緒,ナオ
奈津美,ナツミ
奈々,ナナ
奈々子,ナナコ
奈々美,ナナミ
奈那,ナナ
奈南,ナナ
奈美,ナミ
奈穂,ナホ
那月,ナツキ
那菜,ナナ
那奈,ナナ
凪,ナギサ
凪沙,ナギサ
凪紗,ナギサ
南,ミナミ
南海,ミナミ
南帆,ナホ
南美,ナミ
日葵,ヒマリ
日鞠,ヒマリ
日向,ヒナタ
日向子,ヒナコ
日菜,ヒナ
日菜子,ヒナコ
日菜乃,ヒナノ
日奈子,ヒナコ
日南,ヒナ
日南子,ヒナコ
日和,ヒヨリ
寧音,ネネ
寧々,ネネ
乃亜,ノア
乃愛,ノア
乃彩,ノア
帆夏,ホノカ
帆花,ホノカ
帆香,ホノカ
帆南,ホナミ
帆乃佳,ホノカ
帆乃花,ホノカ
帆乃香,ホノカ
妃夏,ヒナ
妃菜,ヒナ
妃奈乃,ヒナノ
妃那,ヒナ
美愛,ミエ
美羽,ミウ
美雨,ミウ
美音,ミオン
美佳,ミカ
美花,ミカ
美海,ミナミ
美希,ミキ
美紀,ミキ
美貴,ミキ
美輝,ミキ
美琴,ミコト
美玖,ミク
美空,ミソラ
美結,ミユ
美月,ミヅキ
美幸,ミユキ
美紅,ミク
美香,ミカ
美沙,ミサ
美沙希,ミサキ
美菜,ビナ
美咲,ミサキ
美桜,ミオ
美樹,ミキ
美春,ミハル
美緒,ミオ
美織,ミオリ
美心,ミコ
美晴,ミハル
美雪,ミユキ
美奈,ミナ
美南,ミナミ
美乃里,ミノリ
美波,ミナミ
美帆,ミホ
美歩,ミホ
美穂,ミホ
美夢,ミユ
美佑,ミユ
美優,ミユ
美友,ミユ
美悠,ミユ
美憂,ミユ
美有,ミユ
美柚,ミユ
美由紀,ミユキ
美祐,ミユ
美遥,ミハル
美来,ミク
美里,ミサト
美涼,ミスズ
美怜,ミサト
美玲,ミレイ
美鈴,ミスズ
美和,ミワ
美侑,ミユ
美來,ミク
姫愛,ヒナ
姫菜,ヒナ
姫奈,ヒナ
百音,モモネ
百花,モモカ
百華,モモナ
百恵,モモエ
百香,モモカ
百合子,ユリコ
百々花,モモカ
舞,マイ
舞衣,マイ
舞花,マイカ
舞華,マイカ
舞香,マイカ
舞桜,マオ
舞子,マイコ
楓,カエデ
楓佳,フウカ
楓夏,フウカ
楓果,フウカ
楓花,フウカ
楓華,フウカ
楓香,フウカ
楓子,カナコ
楓乃,カノ
風花,フウカ
風香,フウカ
文音,アヤネ
文香,フミカ
文乃,フミノ
碧,ミドリ
碧衣,アオイ
碧海,アオイ
歩,アユミ
歩佳,アユカ
歩果,ホノカ
歩花,アユカ
歩華,アユカ
歩香,アユカ
歩実,アユミ
歩美,アユミ
歩未,アユミ
歩夢,アユ
穂,ミノリ
穂佳,ホノカ
穂果,ホノカ
穂花,ホノカ
穂香,ホノカ
穂乃佳,ホノカ
穂乃花,ホノカ
穂乃香,ホノカ
朋佳,トモカ
朋花,トモカ
朋香,トモカ
朋子,トモコ
朋美,トモミ
萌,モエ
萌愛,モエ
萌衣,モエ
萌音,モネ
萌佳,モエカ
萌加,モモカ
萌夏,モエカ
萌花,ホノカ
萌華,モエカ
萌絵,モエ
萌恵,モエ
萌香,モエカ
萌子,モエコ
萌乃,モエノ
萌々,モモ
萌々花,モモカ
萌々香,モモカ
萌々子,モモコ
萌里,モエリ
望,ノゾミ
望愛,ノア
望美,ノゾミ
望来,ノゾミ
睦,ムツミ
麻衣,マイ
麻衣子,マイコ
麻央,マオ
麻緒,アサオ
麻美,アサミ
麻友,マユ
麻由,マユ
麻鈴,マリン
万結,マユ
万葉,マヨ
満里奈,マリナ
未羽,ミウ
未希,ミキ
未空,ミク
未結,ミユ
未菜,ミナ
未咲,ミサキ
未桜,ミオ
未紗,ミサ
未奈,ミナ
未帆,ミホ
未歩,ミホ
未夢,ミユ
未唯,ミユ
未優,ミユ
未悠,ミユ
未有,ミユ
未来,ミライ
未侑,ミユ
未來,ミク
夢,ユメ
夢華,ユメカ
夢叶,ユメカ
夢彩,ユア
夢菜,ユナ
夢奈,ユナ
夢乃,ユノ
明依,メイ
明音,アカネ
明香,アヤカ
明香里,アカリ
明咲,メイサ
明日花,アスカ
明日香,アスカ
明日美,アスミ
明美,アケミ
明里,アカリ
明莉,アカリ
野々花,ノノカ
弥生,ヤヨイ
唯,ユイ
唯愛,ユイナ
唯衣,ユイ
唯花,ユイカ
唯華,ユイカ
唯菜,ユイナ
唯奈,ユイナ
佑衣,ユイ
佑佳,ユウカ
佑月,ユヅキ
佑香,ユウカ
佑菜,ユウナ
佑奈,ユナ
優,ユウ
優亜,ユウア
優愛,ユア
優杏,ユアン
優依,ユイ
優衣,ユイ
優羽,ユウハ
優音,ユノン
優佳,ユウカ
優夏,ユウカ
優果,ユウカ
優花,ユウカ
優華,ユウカ
優芽,ユメ
優海,ユウミ
優希,ユウキ
優希菜,ユキナ
優希奈,ユキナ
優季,ユウキ
優紀,ユウキ
優空,ユウア
優月,ユヅキ
優香,ユウカ
優菜,ユナ
優子,ユウコ
優実,ユウミ
優心,ユウコ
優斗,ユウト
優奈,ユウナ
優那,ユナ
優妃,ユウキ
優美,ユウミ
優姫,ユキ
優来,ユキ
優梨,ユウリ
優里,ユリ
優里奈,ユリナ
優和,ユウワ
優莉,ユウリ
友愛,ユア
友花,ユウカ
友希,ユキ
友紀,ユキ
友香,ユカ
友菜,ユナ
友美,トモミ
友梨,ユリ
友理,ユリ
友里,ユリ
悠,ユウ
悠愛,ユイ
悠衣,ユイ
悠夏,ユウカ
悠花,ユウカ
悠華,ユウカ
悠希,ユウキ
悠月,ユヅキ
悠香,ユウカ
悠菜,ユウナ
悠奈,ユウナ
悠那,ユウナ
悠乃,ユノ
悠里,ユウリ
悠莉,ユウリ
有花,ユウカ
有希,ユキ
有紀,ユキ
有香,ユカ
有沙,アリサ
有彩,アリサ
有咲,アリサ
有紗,アリサ
有美,ユミ
有里,ユリ
柚,ユズ
柚葵,ユズキ
柚衣,ユイ
柚羽,ユズハ
柚花,ユカ
柚希,ユズキ
柚季,ユズキ
柚稀,ユズキ
柚月,ユヅキ
柚香,ユズカ
柚菜,ユナ
柚子,ユズ
柚奈,ユナ
柚那,ユズナ
柚乃,ユノ
柚妃,ユズキ
柚姫,ユズキ
柚葉,ユズハ
由愛,ユメ
由依,ユイ
由衣,ユイ
由佳,ユカ
由夏,ユカ
由芽,ユメ
由季,ユキ
由貴,ユキ
由香,ユカ
由菜,ヨシナ
由真,ユマ
由奈,ユナ
由美,ユミ
由美子,ユミコ
由唯,ユイ
由梨,ユリ
由莉,ユリ
祐衣,ユイ
祐佳,ユウカ
祐希,ユウキ
祐香,ユウカ
祐奈,ユナ
祐里,ユウリ
裕香,ユカ
裕子,ユウコ
裕美,ユミ
夕夏,ユウカ
夕奈,ユウナ
洋子,ヨウコ
葉月,ハヅキ
葉奈,ハナ
遥,ハルカ
遥花,ハルカ
遥香,ハルカ
遥菜,ハルナ
遥奈,ハルナ
陽,ヒナタ
陽愛,ヒヨリ
陽葵,ヒナタ
陽依,ヒヨリ
陽花,ハルカ
陽向,ヒナタ
陽香,ハルカ
陽彩,ヒイロ
陽菜,ハルナ
陽菜子,ヒナコ
陽菜乃,ヒナノ
陽咲,ヒナタ
陽子,ヨウコ
陽奈,ヒナ
陽南,ヒナ
陽和,ヒヨリ
陽莉,ヒヨリ
来海,クミ
来実,クミ
来美,クルミ
来夢,ライム
藍,アイ
藍子,アイコ
蘭,ラン
利奈,リナ
李奈,リナ
梨愛,リナ
梨杏,リナ
梨央,リオ
梨央奈,リオナ
梨音,リオン
梨花,リカ
梨華,リカ
梨瑚,リコ
梨沙,リサ
梨菜,リナ
梨桜,リオ
梨子,リコ
梨紗,リサ
梨緒,リオ
梨心,リコ
梨奈,リナ
梨那,リナ
梨乃,リノ
梨帆,リホ
梨々花,リリカ
梨々香,リリカ
理愛,リエ
理央,リオ
理恵,リエ
理沙,リサ
理彩,リナ
理菜,リナ
理桜,リオ
理子,リコ
理紗,リサ
理紗子,リサコ
理緒,リオ
理世,ミチヨ
理奈,リナ
理乃,リノ
璃音,リオン
璃桜,リオ
璃子,リコ
璃奈,リナ
璃乃,リノ
里音,リオン
里佳,リカ
里佳子,リカコ
里香,リカ
里沙,リサ
里彩,リサ
里菜,リナ
里咲,リサ
里桜,リオ
里紗,リサ
里緒,リオ
里奈,リナ
里帆,リホ
里歩,リホ
里穂,リホ
琉愛,ルア
琉衣,ルイ
琉夏,ルカ
琉花,ルカ
琉奈,ルナ
琉那,ルナ
留奈,ルナ
涼,スズ
涼音,スズネ
涼夏,スズカ
涼花,スズカ
涼華,スズカ
涼香,スズカ
涼子,リョウコ
涼乃,スズノ
涼葉,スズハ
琳,リン
瑠愛,ルア
瑠衣,ルイ
瑠夏,ルナ
瑠花,ルカ
瑠華,ルカ
瑠海,ルミ
瑠香,ルカ
瑠菜,ルナ
瑠奈,ルナ
瑠那,ルナ
瑠南,ルナ
瑠美,ルミ
瑠璃,ルリ
瑠莉,ルリ
伶奈,レナ
怜,レイ
怜菜,レナ
怜奈,レナ
怜那,レナ
玲,レイ
玲衣,レイ
玲音,レオン
玲香,リョウカ
玲菜,レイナ
玲奈,レイナ
玲那,レナ
玲美,レミ
礼,アヤ
礼奈,アヤナ
鈴,スズ
鈴音,スズネ
鈴夏,リンカ
鈴花,リンカ
鈴華,スズカ
鈴香,スズカ
鈴菜,スズナ
鈴奈,レイナ
麗,レイ
麗華,レイカ
麗菜,レナ
麗奈,レナ
恋,レン
蓮,レン
六花,リッカ
和,ノドカ
和音,カノン
和佳,ワカ
和佳奈,ワカナ
和花,ノドカ
和香,ワカ
和香奈,ワカナ
和子,カズコ
和奏,ワカナ
侑花,ユウカ
侑希,ユウキ
侑香,ユウカ
侑奈,ユウナ
侑里,ユリ
來実,クミ
凛,リン
凛音,リオン
凛花,リンカ
凛華,リンカ
凛香,リンカ
凛桜,リオ
凛子,リコ
凛乃,リノ
栞,シオリ
栞菜,カンナ
栞奈,カンナ
栞那,カンナ
栞里,シオリ
櫻子,サクラコ
澪,ミオ
澪奈,レイナ
眞子,マコ
絆,キズナ
綺音,アヤネ
翔子,ショウコ
苺花,マイカ
茉依,マイ
茉央,マオ
茉子,マコ
茉奈,マナ
茉那,マナ
茉優,マヒロ
茉由,マユ
茉莉,マリ
莉亜,リア
莉愛,リア
莉杏,リアン
莉央,リオ
莉音,リノン
莉瑚,リコ
莉沙,リサ
莉彩,リサ
莉菜,リナ
莉桜,リオ
莉子,リコ
莉紗,リサ
莉緒,リオ
莉心,リコ
莉奈,リナ
莉那,リナ
莉乃,リノ
莉帆,リホ
莉歩,リホ
莉穂,リホ
菫,スミレ
颯希,サツキ
遙,ハルカ
遙香,ハルカ
凜,リン
凜音,リオン
凜花,リンカ
凜香,リンカ
凜桜,リオ
凜子,リコ
凜乃,リノ
