北海道,北海道大学
北海道,北海道教育大学
北海道,室蘭工業大学
北海道,小樽商科大学
北海道,帯広畜産大学
北海道,北見工業大学
北海道,旭川医科大学
北海道,札幌医科大学
北海道,公立はこだて未来大学
北海道,釧路公立大学
北海道,名寄市立大学
北海道,札幌市立大学
北海道,公立千歳科学技術大学
北海道,札幌大学
北海道,札幌学院大学
北海道,函館大学
北海道,藤女子大学
北海道,北星学園大学
北海道,北海学園大学
北海道,北海道科学大学
北海道,酪農学園大学
北海道,旭川大学
北海道,北海道医療大学
北海道,北海商科大学
北海道,星槎道都大学
北海道,北海道情報大学
北海道,札幌国際大学
北海道,北翔大学
北海道,北洋大学
北海道,日本赤十字北海道看護大学
北海道,北海道文教大学
北海道,天使大学
北海道,稚内北星学園大学
北海道,札幌大谷大学
北海道,札幌保健医療大学
北海道,日本医療大学
北海道,北海道千歳リハビリテーション大学
青森県,弘前大学
青森県,青森公立大学
青森県,青森県立保健大学
青森県,青森大学
青森県,柴田学園大学
青森県,弘前学院大学
青森県,八戸工業大学
青森県,八戸学院大学
青森県,青森中央学院大学
青森県,弘前医療福祉大学
岩手県,岩手大学
岩手県,岩手県立大学
岩手県,岩手医科大学
岩手県,富士大学
岩手県,盛岡大学
岩手県,岩手保健医療大学
宮城県,東北大学
宮城県,宮城教育大学
宮城県,宮城大学
宮城県,仙台大学
宮城県,東北学院大学
宮城県,東北工業大学
宮城県,東北福祉大学
宮城県,東北医科薬科大学
宮城県,東北生活文化大学
宮城県,宮城学院女子大学
宮城県,石巻専修大学
宮城県,仙台白百合女子大学
宮城県,東北文化学園大学
宮城県,尚絅学院大学
秋田県,秋田大学
秋田県,秋田県立大学
秋田県,国際教養大学
秋田県,秋田公立美術大学
秋田県,ノースアジア大学
秋田県,秋田看護福祉大学
秋田県,日本赤十字秋田看護大学
山形県,山形大学
山形県,山形県立保健医療大学
山形県,山形県立米沢栄養大学
山形県,東北芸術工科大学
山形県,東北公益文科大学
山形県,東北文教大学
福島県,福島大学
福島県,福島県立医科大学
福島県,会津大学
福島県,郡山女子大学
福島県,奥羽大学
福島県,医療創生大学
福島県,東日本国際大学
福島県,福島学院大学
茨城県,茨城大学
茨城県,筑波大学
茨城県,筑波技術大学
茨城県,茨城県立医療大学
茨城県,茨城キリスト教大学
茨城県,流通経済大学
茨城県,常磐大学
茨城県,つくば国際大学
茨城県,筑波学院大学
茨城県,日本ウェルネススポーツ大学
栃木県,宇都宮大学
栃木県,足利大学
栃木県,白鴎大学
栃木県,作新学院大学
栃木県,国際医療福祉大学
栃木県,宇都宮共和大学
栃木県,文星芸術大学
栃木県,自治医科大学
栃木県,獨協医科大学
群馬県,群馬大学
群馬県,高崎経済大学
群馬県,前橋工科大学
群馬県,群馬県立女子大学
群馬県,群馬県立県民健康科学大学
群馬県,育英大学
群馬県,桐生大学
群馬県,群馬パース大学
群馬県,群馬医療福祉大学
群馬県,高崎健康福祉大学
群馬県,高崎商科大学
群馬県,上武大学
群馬県,関東学園大学
群馬県,共愛学園前橋国際大学
埼玉県,埼玉大学
埼玉県,埼玉県立大学
埼玉県,日本医療科学大学
埼玉県,日本薬科大学
埼玉県,武蔵野学院大学
埼玉県,浦和大学
埼玉県,ものつくり大学
埼玉県,共栄大学
埼玉県,埼玉学園大学
埼玉県,尚美学園大学
埼玉県,人間総合科学大学
埼玉県,西武文理大学
埼玉県,十文字学園女子大学
埼玉県,平成国際大学
埼玉県,東京国際大学
埼玉県,城西大学
埼玉県,東邦音楽大学
埼玉県,獨協大学
埼玉県,日本工業大学
埼玉県,明海大学
埼玉県,埼玉医科大学
埼玉県,埼玉工業大学
埼玉県,駿河台大学
埼玉県,聖学院大学
埼玉県,女子栄養大学
埼玉県,東都大学
埼玉県,日本保健医療大学
千葉県,千葉大学
千葉県,千葉県立保健医療大学
千葉県,放送大学
千葉県,千葉科学大学
千葉県,愛国学園大学
千葉県,開智国際大学
千葉県,清和大学
千葉県,城西国際大学
千葉県,淑徳大学
千葉県,敬愛大学
千葉県,千葉工業大学
千葉県,千葉商科大学
千葉県,中央学院大学
千葉県,麗澤大学
千葉県,和洋女子大学
千葉県,国際武道大学
千葉県,神田外語大学
千葉県,千葉経済大学
千葉県,秀明大学
千葉県,川村学園女子大学
千葉県,東京情報大学
千葉県,東京基督教大学
千葉県,聖徳大学
千葉県,江戸川大学
千葉県,了徳寺大学
千葉県,植草学園大学
千葉県,三育学院大学
千葉県,亀田医療大学
東京都,東京大学
東京都,東京医科歯科大学
東京都,東京外国語大学
東京都,東京芸術大学
東京都,東京工業大学
東京都,お茶の水女子大学
東京都,東京学芸大学
東京都,東京農工大学
東京都,電気通信大学
東京都,一橋大学
東京都,政策研究大学院大学
東京都,東京海洋大学
東京都,東京都立大学
東京都,東京都立産業技術大学院大学
東京都,東京福祉大学
東京都,跡見学園女子大学
東京都,文教大学
東京都,文京学院大学
東京都,目白大学
東京都,東京成徳大学
東京都,東洋学園大学
東京都,帝京平成大学
東京都,青山学院大学
東京都,上野学園大学
東京都,大妻女子大学
東京都,学習院大学
東京都,北里大学
東京都,共立女子大学
東京都,慶應義塾大学
東京都,工学院大学
東京都,国学院大学
東京都,国士舘大学
東京都,駒澤大学
東京都,実践女子大学
東京都,芝浦工業大学
東京都,順天堂大学
東京都,上智大学
東京都,昭和大学
東京都,昭和女子大学
東京都,昭和薬科大学
東京都,女子美術大学
東京都,杉野服飾大学
東京都,成城大学
東京都,聖心女子大学
東京都,清泉女子大学
東京都,聖路加国際大学
東京都,専修大学
東京都,大正大学
東京都,大東文化大学
東京都,高千穂大学
東京都,拓殖大学
東京都,多摩美術大学
東京都,中央大学
東京都,東海大学
東京都,東京医科大学
東京都,東京家政大学
東京都,東京家政学院大学
東京都,東京歯科大学
東京都,東京慈恵会医科大学
東京都,東京女子大学
東京都,東京女子医科大学
東京都,東京電機大学
東京都,東京農業大学
東京都,東京薬科大学
東京都,東京理科大学
東京都,東邦大学
東京都,東洋大学
東京都,東京音楽大学
東京都,二松学舎大学
東京都,日本大学
東京都,日本医科大学
東京都,日本歯科大学
東京都,日本社会事業大学
東京都,日本女子大学
東京都,日本女子体育大学
東京都,日本体育大学
東京都,ルーテル学院大学
東京都,文化学園大学
東京都,法政大学
東京都,星薬科大学
東京都,武蔵大学
東京都,東京都市大学
東京都,武蔵野音楽大学
東京都,明治大学
東京都,明治学院大学
東京都,明治薬科大学
東京都,立教大学
東京都,立正大学
東京都,早稲田大学
東京都,国際仏教学大学院大学
東京都,学習院女子大学
東京都,東京国際工科専門職大学
東京都,東京保健医療専門職大学
東京都,情報経営イノベーション専門職大学
東京都,大学院大学至善館
東京都,東京通信大学
東京都,国際ファッション専門職大学
東京都,駒沢女子大学
東京都,亜細亜大学
東京都,桜美林大学
東京都,国立音楽大学
東京都,国際基督教大学
東京都,白百合女子大学
東京都,成蹊大学
東京都,玉川大学
東京都,津田塾大学
東京都,帝京大学
東京都,東京経済大学
東京都,東京女子体育大学
東京都,東京神学大学
東京都,東京造形大学
東京都,桐朋学園大学
東京都,日本獣医生命科学大学
東京都,武蔵野大学
東京都,武蔵野美術大学
東京都,明星大学
東京都,和光大学
東京都,杏林大学
東京都,創価大学
東京都,日本文化大学
東京都,東京工科大学
東京都,日本赤十字看護大学
東京都,恵泉女学園大学
東京都,多摩大学
東京都,東京純心大学
東京都,嘉悦大学
東京都,東京富士大学
東京都,ＬＥＣ東京リーガルマインド大学院大学
東京都,デジタルハリウッド大学
東京都,白梅学園大学
東京都,東京医療保健大学
東京都,東京聖栄大学
東京都,ビジネス・ブレークスルー大学
東京都,グロービス経営大学院大学
東京都,文化ファッション大学院大学
東京都,大原大学院大学
東京都,東京未来大学
東京都,ハリウッド大学院大学
東京都,ＳＢＩ大学院大学
東京都,こども教育宝仙大学
東京都,東京有明医療大学
東京都,東京工芸大学
東京都,産業能率大学
東京都,ヤマザキ動物看護大学
東京都,東京医療学院大学
東京都,事業構想大学院大学
東京都,社会情報大学院大学
東京都,帝京科学大学
神奈川県,横浜国立大学
神奈川県,総合研究大学院大学
神奈川県,横浜市立大学
神奈川県,神奈川県立保健福祉大学
神奈川県,星槎大学
神奈川県,神奈川大学
神奈川県,関東学院大学
神奈川県,鶴見大学
神奈川県,フェリス女学院大学
神奈川県,横浜商科大学
神奈川県,八洲学園大学
神奈川県,情報セキュリティ大学院大学
神奈川県,横浜薬科大学
神奈川県,麻布大学
神奈川県,神奈川歯科大学
神奈川県,鎌倉女子大学
神奈川県,湘南工科大学
神奈川県,相模女子大学
神奈川県,洗足学園音楽大学
神奈川県,聖マリアンナ医科大学
神奈川県,神奈川工科大学
神奈川県,昭和音楽大学
神奈川県,桐蔭横浜大学
神奈川県,東洋英和女学院大学
神奈川県,松蔭大学
神奈川県,田園調布学園大学
神奈川県,横浜美術大学
神奈川県,日本映画大学
神奈川県,横浜創英大学
神奈川県,湘南医療大学
神奈川県,湘南鎌倉医療大学 
新潟県,新潟大学
新潟県,長岡技術科学大学
新潟県,上越教育大学
新潟県,新潟県立看護大学
新潟県,新潟県立大学
新潟県,長岡造形大学
新潟県,三条市立大学
新潟県,長岡大学
新潟県,新潟医療福祉大学
新潟県,新潟青陵大学
新潟県,新潟工科大学
新潟県,新潟経営大学
新潟県,新潟国際情報大学
新潟県,敬和学園大学
新潟県,新潟薬科大学
新潟県,国際大学
新潟県,新潟産業大学
新潟県,事業創造大学院大学
新潟県,新潟リハビリテーション大学
新潟県,新潟食料農業大学
新潟県,開志専門職大学 
新潟県,長岡崇徳大学
富山県,富山大学
富山県,富山県立大学
富山県,高岡法科大学
富山県,富山国際大学
富山県,桐朋学園大学院大学
石川県,金沢大学
石川県,北陸先端科学技術大学院大学
石川県,公立小松大学
石川県,石川県立大学
石川県,金沢美術工芸大学
石川県,石川県立看護大学
石川県,金沢星稜大学
石川県,金沢工業大学
石川県,金沢医科大学
石川県,北陸大学
石川県,金沢学院大学
石川県,金城大学
石川県,北陸学院大学
石川県,かなざわ食マネジメント専門職大学
福井県,福井大学
福井県,福井県立大学
福井県,敦賀市立看護大学
福井県,福井工業大学
福井県,仁愛大学
福井県,福井医療大学
山梨県,山梨大学
山梨県,都留文科大学
山梨県,山梨県立大学
山梨県,山梨学院大学
山梨県,身延山大学
山梨県,山梨英和大学
山梨県,健康科学大学
長野県,信州大学
長野県,公立諏訪東京理科大学
長野県,長野県立大学
長野県,長野県看護大学
長野県,長野大学
長野県,松本歯科大学
長野県,松本大学
長野県,清泉女学院大学
長野県,佐久大学
長野県,長野保健医療大学
長野県,松本看護大学
岐阜県,岐阜大学
岐阜県,岐阜薬科大学
岐阜県,岐阜県立看護大学
岐阜県,情報科学芸術大学院大学
岐阜県,中京学院大学
岐阜県,岐阜協立大学
岐阜県,岐阜女子大学
岐阜県,朝日大学
岐阜県,岐阜聖徳学園大学
岐阜県,東海学院大学
岐阜県,中部学院大学
岐阜県,岐阜医療科学大学
岐阜県,岐阜保健大学
静岡県,静岡大学
静岡県,浜松医科大学
静岡県,静岡県立農林環境専門職大学
静岡県,静岡県立大学
静岡県,静岡文化芸術大学
静岡県,静岡社会健康医学大学院大学
静岡県,光産業創成大学院大学
静岡県,静岡福祉大学
静岡県,浜松学院大学
静岡県,静岡英和学院大学
静岡県,常葉大学
静岡県,静岡理工科大学
静岡県,聖隷クリストファー大学
静岡県,静岡産業大学
愛知県,名古屋大学
愛知県,名古屋工業大学
愛知県,愛知教育大学
愛知県,豊橋技術科学大学
愛知県,名古屋市立大学
愛知県,愛知県立芸術大学
愛知県,愛知県立大学
愛知県,愛知工科大学
愛知県,名古屋産業大学
愛知県,人間環境大学
愛知県,名古屋文理大学
愛知県,愛知みずほ大学
愛知県,愛知学院大学
愛知県,愛知工業大学
愛知県,金城学院大学
愛知県,椙山女学園大学
愛知県,大同大学
愛知県,中京大学
愛知県,同朋大学
愛知県,名古屋学院大学
愛知県,名古屋商科大学
愛知県,名古屋女子大学
愛知県,南山大学
愛知県,日本福祉大学
愛知県,名城大学
愛知県,名古屋音楽大学
愛知県,豊田工業大学
愛知県,名古屋外国語大学
愛知県,名古屋造形大学
愛知県,愛知産業大学
愛知県,東海学園大学
愛知県,豊橋創造大学
愛知県,愛知東邦大学
愛知県,星城大学
愛知県,愛知文教大学
愛知県,桜花学園大学
愛知県,愛知大学
愛知県,愛知学泉大学
愛知県,至学館大学
愛知県,中部大学
愛知県,藤田医科大学
愛知県,名古屋芸術大学
愛知県,愛知医科大学
愛知県,愛知淑徳大学
愛知県,名古屋経済大学
愛知県,名古屋学芸大学
愛知県,日本赤十字豊田看護大学
愛知県,修文大学
愛知県,岡崎女子大学
愛知県,一宮研伸大学
愛知県,名古屋柳城女子大学 
愛知県,名古屋国際工科専門職大学
三重県,三重大学
三重県,三重県立看護大学
三重県,四日市大学
三重県,皇學館大学
三重県,鈴鹿医療科学大学
三重県,鈴鹿大学
三重県,四日市看護医療大学
滋賀県,滋賀大学
滋賀県,滋賀医科大学
滋賀県,滋賀県立大学
滋賀県,成安造形大学
滋賀県,聖泉大学
滋賀県,長浜バイオ大学
滋賀県,びわこ成蹊スポーツ大学
滋賀県,びわこ学院大学
滋賀県,びわこリハビリテーション専門職大学 
京都府,京都大学
京都府,京都教育大学
京都府,京都工芸繊維大学
京都府,京都市立芸術大学
京都府,京都府立大学
京都府,京都府立医科大学
京都府,福知山公立大学
京都府,平安女学院大学
京都府,大谷大学
京都府,京都外国語大学
京都府,京都産業大学
京都府,京都女子大学
京都府,京都薬科大学
京都府,京都光華女子大学
京都府,種智院大学
京都府,京都橘大学
京都府,同志社大学
京都府,同志社女子大学
京都府,京都ノートルダム女子大学
京都府,花園大学
京都府,佛教大学
京都府,立命館大学
京都府,龍谷大学
京都府,京都先端科学大学
京都府,京都精華大学
京都府,明治国際医療大学
京都府,京都芸術大学
京都府,京都文教大学
京都府,嵯峨美術大学
京都府,京都情報大学院大学
京都府,京都医療科学大学
京都府,京都華頂大学
京都府,京都美術工芸大学
京都府,京都看護大学
大阪府,大阪大学
大阪府,大阪教育大学
大阪府,大阪市立大学
大阪府,大阪府立大学
大阪府,大阪経済大学
大阪府,大阪工業大学
大阪府,大阪歯科大学
大阪府,相愛大学
大阪府,桃山学院大学
大阪府,摂南大学
大阪府,桃山学院教育大学
大阪府,大阪医科薬科大学
大阪府,大阪音楽大学
大阪府,大阪学院大学
大阪府,大阪芸術大学
大阪府,大阪産業大学
大阪府,大阪樟蔭女子大学
大阪府,大阪商業大学
大阪府,大阪体育大学
大阪府,大阪電気通信大学
大阪府,大阪薬科大学
大阪府,大阪大谷大学
大阪府,追手門学院大学
大阪府,関西大学
大阪府,関西医科大学
大阪府,関西外国語大学
大阪府,近畿大学
大阪府,四天王寺大学
大阪府,帝塚山学院大学
大阪府,梅花女子大学
大阪府,阪南大学
大阪府,大阪経済法科大学
大阪府,大阪国際大学
大阪府,関西福祉科学大学
大阪府,太成学院大学
大阪府,常磐会学園大学
大阪府,大阪観光大学
大阪府,大阪人間科学大学
大阪府,羽衣国際大学
大阪府,大阪成蹊大学
大阪府,関西医療大学
大阪府,千里金蘭大学
大阪府,東大阪大学
大阪府,大阪女学院大学
大阪府,藍野大学
大阪府,大阪青山大学
大阪府,四條畷学園大学
大阪府,大阪河﨑リハビリテーション大学
大阪府,大阪総合保育大学
大阪府,森ノ宮医療大学
大阪府,大阪保健医療大学
大阪府,大阪物療大学
大阪府,滋慶医療科学大学
大阪府,大阪行岡医療大学
大阪府,大和大学
大阪府,宝塚大学
大阪府,大阪国際工科専門職大学
兵庫県,神戸大学
兵庫県,兵庫教育大学
兵庫県,神戸市外国語大学
兵庫県,神戸市看護大学
兵庫県,兵庫県立大学
兵庫県,芸術文化観光専門職大学
兵庫県,甲南大学
兵庫県,甲南女子大学
兵庫県,神戸海星女子学院大学
兵庫県,神戸学院大学
兵庫県,神戸女子大学
兵庫県,神戸薬科大学
兵庫県,神戸松蔭女子学院大学
兵庫県,神戸親和女子大学
兵庫県,神戸国際大学
兵庫県,兵庫大学
兵庫県,神戸常盤大学
兵庫県,宝塚医療大学
兵庫県,芦屋大学
兵庫県,大手前大学
兵庫県,関西学院大学
兵庫県,甲子園大学
兵庫県,神戸女学院大学
兵庫県,園田学園女子大学
兵庫県,武庫川女子大学
兵庫県,兵庫医科大学
兵庫県,宝塚大学
兵庫県,姫路獨協大学
兵庫県,流通科学大学
兵庫県,神戸芸術工科大学
兵庫県,関西福祉大学
兵庫県,関西国際大学
兵庫県,神戸医療福祉大学
兵庫県,神戸情報大学院大学
兵庫県,関西看護医療大学
兵庫県,兵庫医療大学
兵庫県,姫路大学
奈良県,奈良教育大学
奈良県,奈良女子大学
奈良県,奈良先端科学技術大学院大学
奈良県,奈良県立医科大学
奈良県,奈良県立大学
奈良県,帝塚山大学
奈良県,天理大学
奈良県,奈良大学
奈良県,奈良学園大学
奈良県,畿央大学
奈良県,天理医療大学
和歌山県,和歌山大学
和歌山県,和歌山県立医科大学
和歌山県,高野山大学
和歌山県,和歌山信愛大学
和歌山県,和歌山リハビリテーション専門職大学
鳥取県,鳥取大学
鳥取県,公立鳥取環境大学
鳥取県,鳥取看護大学
島根県,島根大学
島根県,島根県立大学
岡山県,岡山大学
岡山県,岡山県立大学
岡山県,新見公立大学
岡山県,吉備国際大学
岡山県,岡山商科大学
岡山県,岡山理科大学
岡山県,くらしき作陽大学
岡山県,ノートルダム清心女子大学
岡山県,川崎医科大学
岡山県,就実大学
岡山県,川崎医療福祉大学
岡山県,山陽学園大学
岡山県,倉敷芸術科学大学
岡山県,岡山学院大学
岡山県,中国学園大学
岡山県,環太平洋大学
岡山県,岡山医療専門職大学 
岡山県,美作大学
広島県,広島大学
広島県,県立広島大学
広島県,尾道市立大学
広島県,広島市立大学
広島県,福山市立大学
広島県,叡啓大学
広島県,エリザベト音楽大学
広島県,広島経済大学
広島県,広島工業大学
広島県,広島修道大学
広島県,広島女学院大学
広島県,広島国際学院大学
広島県,広島文教大学
広島県,安田女子大学
広島県,福山大学
広島県,比治山大学
広島県,福山平成大学
広島県,広島文化学園大学
広島県,広島国際大学
広島県,日本赤十字広島看護大学
広島県,広島都市学園大学
山口県,山口大学
山口県,下関市立大学
山口県,山口県立大学
山口県,山陽小野田市立山口東京理科大学
山口県,梅光学院大学
山口県,徳山大学
山口県,東亜大学
山口県,至誠館大学
山口県,宇部フロンティア大学
山口県,山口学芸大学
徳島県,徳島大学
徳島県,鳴門教育大学
徳島県,四国大学
徳島県,徳島文理大学
香川県,香川大学
香川県,香川県立保健医療大学
香川県,四国学院大学
香川県,高松大学
愛媛県,愛媛大学
愛媛県,愛媛県立医療技術大学
愛媛県,松山大学
愛媛県,聖カタリナ大学
愛媛県,松山東雲女子大学
高知県,高知大学
高知県,高知県立大学
高知県,高知工科大学
高知県,高知リハビリテーション専門職大学
高知県,高知学園大学
福岡県,九州工業大学
福岡県,福岡教育大学
福岡県,九州大学
福岡県,北九州市立大学
福岡県,九州歯科大学
福岡県,福岡女子大学
福岡県,福岡県立大学
福岡県,九州共立大学
福岡県,九州女子大学
福岡県,九州国際大学
福岡県,福岡歯科大学
福岡県,九州産業大学
福岡県,久留米大学
福岡県,西南学院大学
福岡県,第一薬科大学
福岡県,中村学園大学
福岡県,西日本工業大学
福岡県,福岡大学
福岡県,福岡工業大学
福岡県,日本経済大学
福岡県,久留米工業大学
福岡県,産業医科大学
福岡県,筑紫女学園大学
福岡県,福岡女学院大学
福岡県,西南女学院大学
福岡県,九州情報大学
福岡県,九州栄養福祉大学
福岡県,日本赤十字九州国際看護大学
福岡県,聖マリア学院大学
福岡県,サイバー大学
福岡県,福岡女学院看護大学
福岡県,保健医療経営大学
福岡県,純真学園大学
福岡県,福岡看護大学
福岡県,福岡国際医療福祉大学
佐賀県,佐賀大学
佐賀県,西九州大学
長崎県,長崎大学
長崎県,長崎県立大学
長崎県,長崎総合科学大学
長崎県,活水女子大学
長崎県,長崎純心大学
長崎県,長崎国際大学
長崎県,長崎外国語大学
長崎県,鎮西学院大学
熊本県,熊本大学
熊本県,熊本県立大学
熊本県,崇城大学
熊本県,熊本学園大学
熊本県,尚絅大学
熊本県,九州ルーテル学院大学
熊本県,九州看護福祉大学
熊本県,平成音楽大学
熊本県,熊本保健科学大学
大分県,大分大学
大分県,大分県立看護科学大学
大分県,日本文理大学
大分県,別府大学
大分県,立命館アジア太平洋大学
宮崎県,宮崎大学
宮崎県,宮崎公立大学
宮崎県,宮崎県立看護大学
宮崎県,南九州大学
宮崎県,宮崎産業経営大学
宮崎県,宮崎国際大学
宮崎県,九州保健福祉大学
鹿児島県,鹿児島大学
鹿児島県,鹿屋体育大学
鹿児島県,鹿児島国際大学
鹿児島県,第一工科大学
鹿児島県,志學館大学
鹿児島県,鹿児島純心女子大学
沖縄県,琉球大学
沖縄県,名桜大学
沖縄県,沖縄県立芸術大学
沖縄県,沖縄県立看護大学
沖縄県,沖縄科学技術大学院大学
沖縄県,沖縄国際大学
沖縄県,沖縄大学
沖縄県,沖縄キリスト教学院大学
